{
  "best": {
    "avg_actions": 5.883333333333334,
    "avg_utility_model": 0.30833333333333335,
    "avg_utility_p0": 1.1983333333333333,
    "bet_threshold": 0.54,
    "call_margin": 0.05,
    "config_index": 2,
    "equity_sims": 8,
    "folds": 345,
    "hands": 600,
    "hands_per_model_player": 300,
    "model_player": "both",
    "opponent_policy": "tuned-pot-odds",
    "paired_deals": 300,
    "paired_seats": true,
    "policy_family": "pot-odds",
    "raise_threshold": 0.76,
    "seat_metrics": [
      {
        "avg_actions": 5.823333333333333,
        "avg_utility_model": 1.5066666666666666,
        "avg_utility_p0": 1.5066666666666666,
        "folds": 173,
        "hands": 300,
        "model_player": 0,
        "seed": 219107,
        "showdowns": 127,
        "utility_stderr_model": 0.5223967860553994,
        "utility_stderr_p0": 0.5223967860553994,
        "utility_stdev_model": 9.048177751586406,
        "utility_stdev_p0": 9.048177751586406
      },
      {
        "avg_actions": 5.943333333333333,
        "avg_utility_model": -0.89,
        "avg_utility_p0": 0.89,
        "folds": 172,
        "hands": 300,
        "model_player": 1,
        "seed": 219107,
        "showdowns": 128,
        "utility_stderr_model": 0.5161534474077482,
        "utility_stderr_p0": 0.5161534474077482,
        "utility_stdev_model": 8.940039954120502,
        "utility_stdev_p0": 8.940039954120502
      }
    ],
    "seed": 219107,
    "showdowns": 255,
    "utility_stderr_model": 0.1815709094791402,
    "utility_stderr_p0": 0.48650631702669056,
    "utility_stdev_model": 3.1449004039436033,
    "utility_stdev_p0": 8.426536592934397
  },
  "equity_sims": 8,
  "hands": 300,
  "jobs": 5,
  "model_player": "both",
  "opponent_policy": "tuned-pot-odds",
  "paired_seats": true,
  "policy_family": "pot-odds",
  "results": [
    {
      "avg_actions": 6.676666666666667,
      "avg_utility_model": -0.16166666666666665,
      "avg_utility_p0": 0.005,
      "bet_threshold": 0.5,
      "call_margin": 0.0,
      "config_index": 0,
      "equity_sims": 8,
      "folds": 302,
      "hands": 600,
      "hands_per_model_player": 300,
      "model_player": "both",
      "opponent_policy": "tuned-pot-odds",
      "paired_deals": 300,
      "paired_seats": true,
      "policy_family": "pot-odds",
      "raise_threshold": 0.72,
      "seat_metrics": [
        {
          "avg_actions": 7.213333333333333,
          "avg_utility_model": -0.15666666666666668,
          "avg_utility_p0": -0.15666666666666668,
          "folds": 132,
          "hands": 300,
          "model_player": 0,
          "seed": 19101,
          "showdowns": 168,
          "utility_stderr_model": 0.6890417680785534,
          "utility_stderr_p0": 0.6890417680785534,
          "utility_stdev_model": 11.934553508491456,
          "utility_stdev_p0": 11.934553508491456
        },
        {
          "avg_actions": 6.14,
          "avg_utility_model": -0.16666666666666666,
          "avg_utility_p0": 0.16666666666666666,
          "folds": 170,
          "hands": 300,
          "model_player": 1,
          "seed": 19101,
          "showdowns": 130,
          "utility_stderr_model": 0.6265908775537026,
          "utility_stderr_p0": 0.6265908775537026,
          "utility_stdev_model": 10.852872354821821,
          "utility_stdev_p0": 10.852872354821821
        }
      ],
      "seed": 19101,
      "showdowns": 298,
      "utility_stderr_model": 0.22777850060158486,
      "utility_stderr_p0": 0.6179112376861767,
      "utility_stdev_model": 3.945239359138031,
      "utility_stdev_p0": 10.70253658240227
    },
    {
      "avg_actions": 6.111666666666666,
      "avg_utility_model": -0.26166666666666666,
      "avg_utility_p0": -0.46166666666666667,
      "bet_threshold": 0.52,
      "call_margin": 0.03,
      "config_index": 1,
      "equity_sims": 8,
      "folds": 332,
      "hands": 600,
      "hands_per_model_player": 300,
      "model_player": "both",
      "opponent_policy": "tuned-pot-odds",
      "paired_deals": 300,
      "paired_seats": true,
      "policy_family": "pot-odds",
      "raise_threshold": 0.74,
      "seat_metrics": [
        {
          "avg_actions": 6.303333333333334,
          "avg_utility_model": -0.7233333333333334,
          "avg_utility_p0": -0.7233333333333334,
          "folds": 164,
          "hands": 300,
          "model_player": 0,
          "seed": 119104,
          "showdowns": 136,
          "utility_stderr_model": 0.6041849284135085,
          "utility_stderr_p0": 0.6041849284135085,
          "utility_stdev_model": 10.464789931795618,
          "utility_stdev_p0": 10.464789931795618
        },
        {
          "avg_actions": 5.92,
          "avg_utility_model": 0.2,
          "avg_utility_p0": -0.2,
          "folds": 168,
          "hands": 300,
          "model_player": 1,
          "seed": 119104,
          "showdowns": 132,
          "utility_stderr_model": 0.5402835871235125,
          "utility_stderr_p0": 0.5402835871235125,
          "utility_stdev_model": 9.357986233934898,
          "utility_stdev_p0": 9.357986233934898
        }
      ],
      "seed": 119104,
      "showdowns": 268,
      "utility_stderr_model": 0.2111630786435855,
      "utility_stderr_p0": 0.5328067617216453,
      "utility_stdev_model": 3.6574518089335264,
      "utility_stdev_p0": 9.228483819181342
    },
    {
      "avg_actions": 5.883333333333334,
      "avg_utility_model": 0.30833333333333335,
      "avg_utility_p0": 1.1983333333333333,
      "bet_threshold": 0.54,
      "call_margin": 0.05,
      "config_index": 2,
      "equity_sims": 8,
      "folds": 345,
      "hands": 600,
      "hands_per_model_player": 300,
      "model_player": "both",
      "opponent_policy": "tuned-pot-odds",
      "paired_deals": 300,
      "paired_seats": true,
      "policy_family": "pot-odds",
      "raise_threshold": 0.76,
      "seat_metrics": [
        {
          "avg_actions": 5.823333333333333,
          "avg_utility_model": 1.5066666666666666,
          "avg_utility_p0": 1.5066666666666666,
          "folds": 173,
          "hands": 300,
          "model_player": 0,
          "seed": 219107,
          "showdowns": 127,
          "utility_stderr_model": 0.5223967860553994,
          "utility_stderr_p0": 0.5223967860553994,
          "utility_stdev_model": 9.048177751586406,
          "utility_stdev_p0": 9.048177751586406
        },
        {
          "avg_actions": 5.943333333333333,
          "avg_utility_model": -0.89,
          "avg_utility_p0": 0.89,
          "folds": 172,
          "hands": 300,
          "model_player": 1,
          "seed": 219107,
          "showdowns": 128,
          "utility_stderr_model": 0.5161534474077482,
          "utility_stderr_p0": 0.5161534474077482,
          "utility_stdev_model": 8.940039954120502,
          "utility_stdev_p0": 8.940039954120502
        }
      ],
      "seed": 219107,
      "showdowns": 255,
      "utility_stderr_model": 0.1815709094791402,
      "utility_stderr_p0": 0.48650631702669056,
      "utility_stdev_model": 3.1449004039436033,
      "utility_stdev_p0": 8.426536592934397
    },
    {
      "avg_actions": 5.765,
      "avg_utility_model": 0.11,
      "avg_utility_p0": -0.15333333333333332,
      "bet_threshold": 0.56,
      "call_margin": 0.07,
      "config_index": 3,
      "equity_sims": 8,
      "folds": 354,
      "hands": 600,
      "hands_per_model_player": 300,
      "model_player": "both",
      "opponent_policy": "tuned-pot-odds",
      "paired_deals": 300,
      "paired_seats": true,
      "policy_family": "pot-odds",
      "raise_threshold": 0.78,
      "seat_metrics": [
        {
          "avg_actions": 5.74,
          "avg_utility_model": -0.043333333333333335,
          "avg_utility_p0": -0.043333333333333335,
          "folds": 176,
          "hands": 300,
          "model_player": 0,
          "seed": 319110,
          "showdowns": 124,
          "utility_stderr_model": 0.47747987480474247,