{
  "avg_actions": 7.476666666666667,
  "avg_utility_model": -1.4583333333333333,
  "avg_utility_p0": 1.1583333333333334,
  "checkpoint": "experiments/holdem_pg_init_action_features_p0_vs_mix_potheavy_1k/holdem_policy.pt",
  "equity_sims": 8,
  "folds": 254,
  "hands": 600,
  "hands_per_model_player": 300,
  "model_player": "both",
  "opponent_policy": "pot-odds",
  "seat_metrics": [
    {
      "avg_actions": 7.663333333333333,
      "avg_utility_model": -0.3,
      "avg_utility_p0": -0.3,
      "checkpoint": "experiments/holdem_pg_init_action_features_p0_vs_mix_potheavy_1k/holdem_policy.pt",
      "equity_sims": 8,
      "folds": 132,
      "hands": 300,
      "model_player": 0,
      "opponent_policy": "pot-odds",
      "seed": 121,
      "showdowns": 168,
      "utility_stderr_model": 0.6515310841573013,
      "utility_stderr_p0": 0.6515310841573013,
      "utility_stdev_model": 11.2848494047088,
      "utility_stdev_p0": 11.2848494047088
    },
    {
      "avg_actions": 7.29,
      "avg_utility_model": -2.6166666666666667,
      "avg_utility_p0": 2.6166666666666667,
      "checkpoint": "experiments/holdem_pg_init_action_features_p0_vs_mix_potheavy_1k/holdem_policy.pt",
      "equity_sims": 8,
      "folds": 122,
      "hands": 300,
      "model_player": 1,
      "opponent_policy": "pot-odds",
      "seed": 121,
      "showdowns": 178,
      "utility_stderr_model": 0.6137854896265514,
      "utility_stderr_p0": 0.6137854896265514,
      "utility_stdev_model": 10.631076529817273,
      "utility_stdev_p0": 10.631076529817273
    }
  ],
  "seed": 121,
  "showdowns": 346,
  "utility_stderr_model": 0.44967977950918026,
  "utility_stderr_p0": 0.4511345936953187,
  "utility_stdev_model": 11.014860074447382,
  "utility_stdev_p0": 11.050495598713399
}
