{
  "exploitability": 0.016925480831589887,
  "game_value_p0": -0.08494367751763668,
  "infosets": 288,
  "iterations": 5000
}
