{
  "exploitability": 0.09747351764749362,
  "game_value_p0": -0.09094737407509322,
  "infosets": 288,
  "iterations": 100
}
