{
  "best": {
    "avg_actions": 6.286666666666667,
    "avg_utility_model": 0.37833333333333335,
    "avg_utility_p0": -0.11500000000000002,
    "bet_threshold": 0.52,
    "call_margin": 0.03,
    "config_index": 1,
    "equity_sims": 8,
    "folds": 336,
    "hands": 600,
    "hands_per_model_player": 300,
    "model_player": "both",
    "opponent_policy": "tuned-pot-odds",
    "policy_family": "pot-odds",
    "raise_threshold": 0.74,
    "seat_metrics": [
      {
        "avg_actions": 6.54,
        "avg_utility_model": 0.2633333333333333,
        "avg_utility_p0": 0.2633333333333333,
        "bet_threshold": 0.52,
        "call_margin": 0.03,
        "equity_sims": 8,
        "folds": 164,
        "hands": 300,
        "model_player": 0,
        "opponent_policy": "tuned-pot-odds",
        "policy_family": "pot-odds",
        "raise_threshold": 0.74,
        "seed": 111104,
        "showdowns": 136,
        "utility_stderr_model": 0.6462152626932018,
        "utility_stderr_p0": 0.6462152626932018,
        "utility_stdev_model": 11.192776676110945,
        "utility_stdev_p0": 11.192776676110945
      },
      {
        "avg_actions": 6.033333333333333,
        "avg_utility_model": 0.49333333333333335,
        "avg_utility_p0": -0.49333333333333335,
        "bet_threshold": 0.52,
        "call_margin": 0.03,
        "equity_sims": 8,
        "folds": 172,
        "hands": 300,
        "model_player": 1,
        "opponent_policy": "tuned-pot-odds",
        "policy_family": "pot-odds",
        "raise_threshold": 0.74,
        "seed": 111104,
        "showdowns": 128,
        "utility_stderr_model": 0.5700729154663868,
        "utility_stderr_p0": 0.5700729154663868,
        "utility_stdev_model": 9.873952536066998,
        "utility_stdev_p0": 9.873952536066998
      }
    ],
    "seed": 111104,
    "showdowns": 264,
    "utility_stderr_model": 0.43053046162833714,
    "utility_stderr_p0": 0.4307822633013917,
    "utility_stdev_model": 10.545799497143184,
    "utility_stdev_p0": 10.551967353296812
  },
  "equity_sims": 8,
  "hands": 300,
  "jobs": 6,
  "model_player": "both",
  "opponent_policy": "tuned-pot-odds",
  "policy_family": "pot-odds",
  "results": [
    {
      "avg_actions": 5.971666666666667,
      "avg_utility_model": -0.245,
      "avg_utility_p0": 0.6616666666666666,
      "bet_threshold": 0.5,
      "call_margin": 0.02,
      "config_index": 0,
      "equity_sims": 8,
      "folds": 348,
      "hands": 600,
      "hands_per_model_player": 300,
      "model_player": "both",
      "opponent_policy": "tuned-pot-odds",
      "policy_family": "pot-odds",
      "raise_threshold": 0.72,
      "seat_metrics": [
        {
          "avg_actions": 5.986666666666666,
          "avg_utility_model": 0.4166666666666667,
          "avg_utility_p0": 0.4166666666666667,
          "bet_threshold": 0.5,
          "call_margin": 0.02,
          "equity_sims": 8,
          "folds": 174,
          "hands": 300,
          "model_player": 0,
          "opponent_policy": "tuned-pot-odds",
          "policy_family": "pot-odds",
          "raise_threshold": 0.72,
          "seed": 11101,
          "showdowns": 126,
          "utility_stderr_model": 0.5663444227698609,
          "utility_stderr_p0": 0.5663444227698609,
          "utility_stdev_model": 9.809373148206673,
          "utility_stdev_p0": 9.809373148206673
        },
        {
          "avg_actions": 5.956666666666667,
          "avg_utility_model": -0.9066666666666666,
          "avg_utility_p0": 0.9066666666666666,
          "bet_threshold": 0.5,
          "call_margin": 0.02,
          "equity_sims": 8,
          "folds": 174,
          "hands": 300,
          "model_player": 1,
          "opponent_policy": "tuned-pot-odds",
          "policy_family": "pot-odds",
          "raise_threshold": 0.72,
          "seed": 11101,
          "showdowns": 126,
          "utility_stderr_model": 0.6155671598448458,
          "utility_stderr_p0": 0.6155671598448458,
          "utility_stdev_model": 10.661935963221454,
          "utility_stdev_p0": 10.661935963221454
        }
      ],
      "seed": 11101,
      "showdowns": 252,
      "utility_stderr_model": 0.41875542671256727,
      "utility_stderr_p0": 0.4180017065000903,
      "utility_stdev_model": 10.257371224672264,
      "utility_stdev_p0": 10.238908925378356
    },
    {
      "avg_actions": 6.286666666666667,
      "avg_utility_model": 0.37833333333333335,
      "avg_utility_p0": -0.11500000000000002,
      "bet_threshold": 0.52,
      "call_margin": 0.03,
      "config_index": 1,
      "equity_sims": 8,
      "folds": 336,
      "hands": 600,
      "hands_per_model_player": 300,
      "model_player": "both",
      "opponent_policy": "tuned-pot-odds",
      "policy_family": "pot-odds",
      "raise_threshold": 0.74,
      "seat_metrics": [
        {
          "avg_actions": 6.54,
          "avg_utility_model": 0.2633333333333333,
          "avg_utility_p0": 0.2633333333333333,
          "bet_threshold": 0.52,
          "call_margin": 0.03,
          "equity_sims": 8,
          "folds": 164,
          "hands": 300,
          "model_player": 0,
          "opponent_policy": "tuned-pot-odds",
          "policy_family": "pot-odds",
          "raise_threshold": 0.74,
          "seed": 111104,
          "showdowns": 136,
          "utility_stderr_model": 0.6462152626932018,
          "utility_stderr_p0": 0.6462152626932018,
          "utility_stdev_model": 11.192776676110945,
          "utility_stdev_p0": 11.192776676110945
        },
        {
          "avg_actions": 6.033333333333333,
          "avg_utility_model": 0.49333333333333335,
          "avg_utility_p0": -0.49333333333333335,
          "bet_threshold": 0.52,
          "call_margin": 0.03,
          "equity_sims": 8,
          "folds": 172,
          "hands": 300,
          "model_player": 1,
          "opponent_policy": "tuned-pot-odds",
          "policy_family": "pot-odds",
          "raise_threshold": 0.74,
          "seed": 111104,
          "showdowns": 128,
          "utility_stderr_model": 0.5700729154663868,
          "utility_stderr_p0": 0.5700729154663868,
          "utility_stdev_model": 9.873952536066998,
          "utility_stdev_p0": 9.873952536066998
        }
      ],
      "seed": 111104,
      "showdowns": 264,
      "utility_stderr_model": 0.43053046162833714,
      "utility_stderr_p0": 0.4307822633013917,
      "utility_stdev_model": 10.545799497143184,
      "utility_stdev_p0": 10.551967353296812
    },
    {
      "avg_actions": 6.168333333333333,
      "avg_utility_model": 0.16,
      "avg_utility_p0": 0.013333333333333334,
      "bet_threshold": 0.54,
      "call_margin": 0.05,
      "config_index": 2,
      "equity_sims": 8,
      "folds": 335,
      "hands": 600,
      "hands_per_model_player": 300,
      "model_player": "both",
      "opponent_policy": "tuned-pot-odds",
      "policy_family": "pot-odds",
      "raise_threshold": 0.76,
      "seat_metrics": [
        {
          "avg_actions": 6.193333333333333,
          "avg_utility_model": 0.17333333333333334,
          "avg_utility_p0": 0.17333333333333334,
          "bet_threshold": 0.54,
          "call_margin": 0.05,
          "equity_sims": 8,
          "folds": 161,
          "hands": 300,
          "model_player": 0,
          "opponent_policy": "tuned-pot-odds",
          "policy_family": "pot-odds",
          "raise_threshold": 0.76,
          "seed": 211107,
          "showdowns": 139,
          "utility_stderr_model": 0.5534223780282248,
          "utility_stderr_p0": 0.5534223780282248,
          "utility_stdev_model": 9.585556767904754,
          "utility_stdev_p0": 9.585556767904754
        },
        {
          "avg_actions": 6.1433333333333335,
          "avg_utility_model": 0.14666666666666667,
          "avg_utility_p0": -0.14666666666666667,
          "bet_threshold": 0.54,
          "call_margin": 0.05,
          "equity_sims": 8,
          "folds": 174,
          "hands": 300,