{
  "checkpoint_out": "experiments/leduc_cfr_linear_20k/checkpoint.json",
  "exploitability": 0.0069257593579646545,
  "game_value_p0": -0.08533579858040148,
  "infosets": 288,
  "iterations": 20000
}
