{
  "checkpoint_out": "experiments/leduc_cfr_linear_5k/checkpoint.json",
  "exploitability": 0.013113996034998215,
  "game_value_p0": -0.08512144981695142,
  "infosets": 288,
  "iterations": 5000
}
