{
  "checkpoint": "experiments/leduc_cfr_20k_distill/leduc_policy_value.pt",
  "exploitability": 0.023648873101598418,
  "game_value_p0": -0.08511546179979407,
  "infosets": 288,
  "mean_abs_value_head": 0.0067764390259981155,
  "policy_cross_entropy": 0.20437440276145935,
  "policy_kl": 0.0007901783101260662,
  "source_metrics": {
    "checkpoint_out": "experiments/leduc_cfr_20k/checkpoint.json",
    "exploitability": 0.0090606491552052,
    "game_value_p0": -0.08523928122597703,
    "infosets": 288,
    "iterations": 20000
  },
  "source_strategy_json": "experiments/leduc_cfr_20k/strategy.json"
}
