{
  "checkpoint_out": "experiments/leduc_cfr_linear_10k/checkpoint.json",
  "exploitability": 0.009566816005020608,
  "game_value_p0": -0.08526047180489041,
  "infosets": 288,
  "iterations": 10000
}
