{
  "exploitability": 0.03585767793175735,
  "game_value_p0": -0.0842459912419027,
  "infosets": 288,
  "iterations": 1000
}
