{
  "best_response_p0": -0.05447000789232718,
  "best_response_p1": 0.05638242538676297,
  "exploitability": 0.0009562087472178953,
  "game_value_p0": -0.055628597068209995,
  "iterations": 50000
}
