{
  "algorithm": "cfr_plus",
  "game": "kuhn_poker",
  "metrics": {
    "best_response_p0": -0.05447000789232718,
    "best_response_p1": 0.05638242538676297,
    "exploitability": 0.0009562087472178953,
    "game_value_p0": -0.055628597068209995,
    "iterations": 50000
  },
  "strategy": {
    "P0:J:check-bet": {
      "call": 3.337791041778163e-06,
      "fold": 0.9999966622089582
    },
    "P0:J:root": {
      "bet": 0.2510016448878315,
      "check": 0.7489983551121685
    },
    "P0:K:check-bet": {
      "call": 0.9999899784652411,
      "fold": 1.0021534758958099e-05
    },
    "P0:K:root": {
      "bet": 0.750537212100641,
      "check": 0.24946278789935905
    },
    "P0:Q:check-bet": {
      "call": 0.5862416368115287,
      "fold": 0.41375836318847126
    },
    "P0:Q:root": {
      "bet": 0.00141226833344,
      "check": 0.99858773166656
    },
    "P1:J:bet": {
      "call": 5e-06,
      "fold": 0.999995
    },
    "P1:J:check": {
      "bet": 0.335595573376844,
      "check": 0.6644044266231559
    },
    "P1:K:bet": {
      "call": 0.999995,
      "fold": 5e-06
    },
    "P1:K:check": {
      "bet": 0.99998,
      "check": 2e-05
    },
    "P1:Q:bet": {
      "call": 0.3375593792691927,
      "fold": 0.6624406207308072
    },
    "P1:Q:check": {
      "bet": 3.77027027027027e-05,
      "check": 0.9999622972972974
    }
  }
}
