{
  "avg_actions": 7.758333333333334,
  "avg_utility_model": -2.2016666666666667,
  "avg_utility_p0": 0.37833333333333335,
  "checkpoint": "experiments/holdem_ac_init_action_features_p0_vs_mix_potheavy_1k/holdem_policy.pt",
  "equity_sims": 8,
  "folds": 247,
  "hands": 600,
  "hands_per_model_player": 300,
  "model_player": "both",
  "opponent_policy": "pot-odds",
  "seat_metrics": [
    {
      "avg_actions": 7.986666666666666,
      "avg_utility_model": -1.8233333333333333,
      "avg_utility_p0": -1.8233333333333333,
      "checkpoint": "experiments/holdem_ac_init_action_features_p0_vs_mix_potheavy_1k/holdem_policy.pt",
      "equity_sims": 8,
      "folds": 129,
      "hands": 300,
      "model_player": 0,
      "opponent_policy": "pot-odds",
      "seed": 127,
      "showdowns": 171,
      "utility_stderr_model": 0.7693808530658196,
      "utility_stderr_p0": 0.7693808530658196,
      "utility_stdev_model": 13.326067278806846,
      "utility_stdev_p0": 13.326067278806846
    },
    {
      "avg_actions": 7.53,
      "avg_utility_model": -2.58,
      "avg_utility_p0": 2.58,
      "checkpoint": "experiments/holdem_ac_init_action_features_p0_vs_mix_potheavy_1k/holdem_policy.pt",
      "equity_sims": 8,
      "folds": 118,
      "hands": 300,
      "model_player": 1,
      "opponent_policy": "pot-odds",
      "seed": 127,
      "showdowns": 182,
      "utility_stderr_model": 0.7526473529509852,
      "utility_stderr_p0": 0.7526473529509852,
      "utility_stdev_model": 13.036234554933317,
      "utility_stdev_p0": 13.036234554933317
    }
  ],
  "seed": 127,
  "showdowns": 353,
  "utility_stderr_model": 0.5379235162459115,
  "utility_stderr_p0": 0.5451744048476442,
  "utility_stdev_model": 13.176381354462205,
  "utility_stdev_p0": 13.353991127022283
}
