{
  "checkpoint": "experiments/leduc_cfr_20k_distill_2k_best/leduc_policy_value.pt",
  "exploitability": 0.01011300686908504,
  "game_value_p0": -0.08520165123537803,
  "infosets": 288,
  "mean_abs_value_head": 0.007727896794676781,
  "policy_cross_entropy": 0.20374123752117157,
  "policy_kl": 0.00015702717064414173,
  "source_metrics": {
    "checkpoint_out": "experiments/leduc_cfr_20k/checkpoint.json",
    "exploitability": 0.0090606491552052,
    "game_value_p0": -0.08523928122597703,
    "infosets": 288,
    "iterations": 20000
  },
  "source_strategy_json": "experiments/leduc_cfr_20k/strategy.json"
}
