{
  "avg_actions": 7.613333333333333,
  "avg_utility_model": -1.07,
  "avg_utility_p0": 0.21666666666666667,
  "checkpoint": "experiments/holdem_pg_init_action_features_both_vs_mix_potheavy_600/holdem_policy.pt",
  "equity_sims": 8,
  "folds": 241,
  "hands": 600,
  "hands_per_model_player": 300,
  "model_player": "both",
  "opponent_policy": "pot-odds",
  "rollout_sims": null,
  "seat_metrics": [
    {
      "avg_actions": 7.6866666666666665,
      "avg_utility_model": -0.8533333333333334,
      "avg_utility_p0": -0.8533333333333334,
      "checkpoint": "experiments/holdem_pg_init_action_features_both_vs_mix_potheavy_600/holdem_policy.pt",
      "equity_sims": 8,
      "folds": 117,
      "hands": 300,
      "model_player": 0,
      "opponent_policy": "pot-odds",
      "rollout_sims": null,
      "seed": 134,
      "showdowns": 183,
      "utility_stderr_model": 0.6275676058902651,
      "utility_stderr_p0": 0.6275676058902651,
      "utility_stdev_model": 10.869789785863006,
      "utility_stdev_p0": 10.869789785863006
    },
    {
      "avg_actions": 7.54,
      "avg_utility_model": -1.2866666666666666,
      "avg_utility_p0": 1.2866666666666666,
      "checkpoint": "experiments/holdem_pg_init_action_features_both_vs_mix_potheavy_600/holdem_policy.pt",
      "equity_sims": 8,
      "folds": 124,
      "hands": 300,
      "model_player": 1,
      "opponent_policy": "pot-odds",
      "rollout_sims": null,
      "seed": 134,
      "showdowns": 176,
      "utility_stderr_model": 0.63475472722222,
      "utility_stderr_p0": 0.63475472722222,
      "utility_stdev_model": 10.994274378934087,
      "utility_stdev_p0": 10.994274378934087
    }
  ],
  "seed": 134,
  "showdowns": 359,
  "utility_stderr_model": 0.44602074161152033,
  "utility_stderr_p0": 0.4480708457842056,
  "utility_stdev_model": 10.925232316459653,
  "utility_stdev_p0": 10.975449407885948
}
