{
  "checkpoint_out": "experiments/leduc_cfr_20k/checkpoint.json",
  "exploitability": 0.0090606491552052,
  "game_value_p0": -0.08523928122597703,
  "infosets": 288,
  "iterations": 20000
}
