{
  "exploitability": 0.0278217486418586,
  "game_value_p0": -0.08420441204311165,
  "infosets": 288,
  "iterations": 1000
}
