{
  "checkpoint_out": "experiments/leduc_cfr_10k/checkpoint.json",
  "exploitability": 0.01239090417516181,
  "game_value_p0": -0.08512437417697528,
  "infosets": 288,
  "iterations": 10000
}
