{
  "avg_actions": 7.416666666666667,
  "avg_utility_model": -1.9233333333333333,
  "avg_utility_p0": 1.9233333333333333,
  "checkpoint": "experiments/holdem_pg_init_action_features_p1_vs_mix_potheavy_1k/holdem_policy.pt",
  "equity_sims": 8,
  "folds": 140,
  "hands": 300,
  "model_player": 1,
  "opponent_policy": "pot-odds",
  "seed": 124,
  "showdowns": 160,
  "utility_stderr_model": 0.7341884899389431,
  "utility_stderr_p0": 0.7341884899389431,
  "utility_stdev_model": 12.716517669065212,
  "utility_stdev_p0": 12.716517669065212
}
