{
  "best": {
    "avg_actions": 5.61,
    "avg_utility_model": 0.495,
    "avg_utility_p0": 0.018333333333333333,
    "bet_threshold": 0.62,
    "call_margin": 0.08,
    "config_index": 8,
    "equity_sims": 8,
    "folds": 334,
    "hands": 600,
    "hands_per_model_player": 300,
    "model_player": "both",
    "opponent_policy": "tuned-pot-odds",
    "paired_deals": 300,
    "paired_seats": true,
    "policy_family": "turn-river-exact-pot-odds",
    "raise_threshold": 0.84,
    "seat_metrics": [
      {
        "avg_actions": 5.456666666666667,
        "avg_utility_model": 0.5133333333333333,
        "avg_utility_p0": 0.5133333333333333,
        "folds": 166,
        "hands": 300,
        "model_player": 0,
        "seed": 825125,
        "showdowns": 134,
        "utility_stderr_model": 0.4617709435539066,
        "utility_stderr_p0": 0.4617709435539066,
        "utility_stdev_model": 7.998107356943864,
        "utility_stdev_p0": 7.998107356943864
      },
      {
        "avg_actions": 5.763333333333334,
        "avg_utility_model": 0.4766666666666667,
        "avg_utility_p0": -0.4766666666666667,
        "folds": 168,
        "hands": 300,
        "model_player": 1,
        "seed": 825125,
        "showdowns": 132,
        "utility_stderr_model": 0.46046407527929556,
        "utility_stderr_p0": 0.46046407527929556,
        "utility_stdev_model": 7.975471734439602,
        "utility_stdev_p0": 7.975471734439602
      }
    ],
    "seed": 825125,
    "showdowns": 266,
    "utility_stderr_model": 0.1855343453677426,
    "utility_stderr_p0": 0.42214546208114584,
    "utility_stdev_model": 3.2135491272596157,
    "utility_stdev_p0": 7.311773885091856
  },
  "equity_sims": 8,
  "hands": 300,
  "jobs": 9,
  "model_player": "both",
  "opponent_policy": "tuned-pot-odds",
  "paired_seats": true,
  "policy_family": "turn-river-exact-pot-odds",
  "results": [
    {
      "avg_actions": 6.046666666666667,
      "avg_utility_model": -0.29333333333333333,
      "avg_utility_p0": -0.8466666666666667,
      "bet_threshold": 0.5,
      "call_margin": 0.0,
      "config_index": 0,
      "equity_sims": 8,
      "folds": 319,
      "hands": 600,
      "hands_per_model_player": 300,
      "model_player": "both",
      "opponent_policy": "tuned-pot-odds",
      "paired_deals": 300,
      "paired_seats": true,
      "policy_family": "turn-river-exact-pot-odds",
      "raise_threshold": 0.72,
      "seat_metrics": [
        {
          "avg_actions": 6.66,
          "avg_utility_model": -1.14,
          "avg_utility_p0": -1.14,
          "folds": 144,
          "hands": 300,
          "model_player": 0,
          "seed": 25101,
          "showdowns": 156,
          "utility_stderr_model": 0.6468008917232584,
          "utility_stderr_p0": 0.6468008917232584,
          "utility_stdev_model": 11.202920068455397,
          "utility_stdev_p0": 11.202920068455397
        },
        {
          "avg_actions": 5.433333333333334,
          "avg_utility_model": 0.5533333333333333,
          "avg_utility_p0": -0.5533333333333333,
          "folds": 175,
          "hands": 300,
          "model_player": 1,
          "seed": 25101,
          "showdowns": 125,
          "utility_stderr_model": 0.5007034813310365,
          "utility_stderr_p0": 0.5007034813310365,
          "utility_stdev_model": 8.672438691919702,
          "utility_stdev_p0": 8.672438691919702
        }
      ],
      "seed": 25101,
      "showdowns": 281,
      "utility_stderr_model": 0.2062211546442721,
      "utility_stderr_p0": 0.5403707248294397,
      "utility_stdev_model": 3.5718551743939786,
      "utility_stdev_p0": 9.359495503274108
    },
    {
      "avg_actions": 5.7683333333333335,
      "avg_utility_model": -0.011666666666666667,
      "avg_utility_p0": 0.735,
      "bet_threshold": 0.5,
      "call_margin": 0.05,
      "config_index": 1,
      "equity_sims": 8,
      "folds": 331,
      "hands": 600,
      "hands_per_model_player": 300,
      "model_player": "both",
      "opponent_policy": "tuned-pot-odds",
      "paired_deals": 300,
      "paired_seats": true,
      "policy_family": "turn-river-exact-pot-odds",
      "raise_threshold": 0.76,
      "seat_metrics": [
        {
          "avg_actions": 5.716666666666667,
          "avg_utility_model": 0.7233333333333334,
          "avg_utility_p0": 0.7233333333333334,
          "folds": 166,
          "hands": 300,
          "model_player": 0,
          "seed": 125104,
          "showdowns": 134,
          "utility_stderr_model": 0.49911891897679533,
          "utility_stderr_p0": 0.49911891897679533,
          "utility_stdev_model": 8.644993266866635,
          "utility_stdev_p0": 8.644993266866635
        },
        {
          "avg_actions": 5.82,
          "avg_utility_model": -0.7466666666666667,
          "avg_utility_p0": 0.7466666666666667,
          "folds": 165,
          "hands": 300,
          "model_player": 1,
          "seed": 125104,
          "showdowns": 135,
          "utility_stderr_model": 0.488151093568743,
          "utility_stderr_p0": 0.488151093568743,
          "utility_stdev_model": 8.45502495831372,
          "utility_stdev_p0": 8.45502495831372
        }
      ],
      "seed": 125104,
      "showdowns": 269,
      "utility_stderr_model": 0.1932734261161133,
      "utility_stderr_p0": 0.45425870984913597,
      "utility_stdev_model": 3.3475939378601782,
      "utility_stdev_p0": 7.867991652393924
    },
    {
      "avg_actions": 5.736666666666666,
      "avg_utility_model": -0.115,
      "avg_utility_p0": -0.035,
      "bet_threshold": 0.5,
      "call_margin": 0.05,
      "config_index": 2,
      "equity_sims": 8,
      "folds": 347,
      "hands": 600,
      "hands_per_model_player": 300,
      "model_player": "both",
      "opponent_policy": "tuned-pot-odds",
      "paired_deals": 300,
      "paired_seats": true,
      "policy_family": "turn-river-exact-pot-odds",
      "raise_threshold": 0.8,
      "seat_metrics": [
        {
          "avg_actions": 5.783333333333333,
          "avg_utility_model": -0.15,
          "avg_utility_p0": -0.15,
          "folds": 174,
          "hands": 300,
          "model_player": 0,
          "seed": 225107,
          "showdowns": 126,
          "utility_stderr_model": 0.5389226008219548,
          "utility_stderr_p0": 0.5389226008219548,
          "utility_stdev_model": 9.334413259707866,
          "utility_stdev_p0": 9.334413259707866
        },
        {
          "avg_actions": 5.69,
          "avg_utility_model": -0.08,
          "avg_utility_p0": 0.08,
          "folds": 173,
          "hands": 300,
          "model_player": 1,
          "seed": 225107,
          "showdowns": 127,
          "utility_stderr_model": 0.4878007890629938,
          "utility_stderr_p0": 0.4878007890629938,
          "utility_stdev_model": 8.44895750629294,
          "utility_stdev_p0": 8.44895750629294
        }
      ],
      "seed": 225107,
      "showdowns": 253,
      "utility_stderr_model": 0.20007753513798,
      "utility_stderr_p0": 0.47345809706530534,
      "utility_stdev_model": 3.465444563121287,
      "utility_stdev_p0": 8.20053479371986
    },
    {
      "avg_actions": 6.386666666666667,
      "avg_utility_model": -0.12833333333333333,
      "avg_utility_p0": -0.425,
      "bet_threshold": 0.54,
      "call_margin": 0.0,
      "config_index": 3,
      "equity_sims": 8,
      "folds": 282,
      "hands": 600,
      "hands_per_model_player": 300,
      "model_player": "both",
      "opponent_policy": "tuned-pot-odds",
      "paired_deals": 300,
      "paired_seats": true,
      "policy_family": "turn-river-exact-pot-odds",
      "raise_threshold": 0.72,
      "seat_metrics": [
        {
          "avg_actions": 6.81,
          "avg_utility_model": -0.5533333333333333,
          "avg_utility_p0": -0.5533333333333333,
          "folds": 128,
          "hands": 300,
          "model_player": 0,
          "seed": 325110,
          "showdowns": 172,