{
  "checkpoint": "experiments/leduc_cfr_linear_20k_distill_2k_best/leduc_policy_value.pt",
  "exploitability": 0.006048305039614135,
  "game_value_p0": -0.0852654136111717,
  "infosets": 288,
  "mean_abs_value_head": 0.0034401940647512674,
  "policy_cross_entropy": 0.18584157526493073,
  "policy_kl": 7.137897773645818e-05,
  "source_metrics": {
    "checkpoint_out": "experiments/leduc_cfr_linear_20k/checkpoint.json",
    "exploitability": 0.0069257593579646545,
    "game_value_p0": -0.08533579858040148,
    "infosets": 288,
    "iterations": 20000
  },
  "source_strategy_json": "experiments/leduc_cfr_linear_20k/strategy.json"
}
