{
  "avg_actions": 7.256666666666667,
  "avg_utility_model": -2.6483333333333334,
  "avg_utility_p0": 0.385,
  "checkpoint": "experiments/holdem_rollout_pot_odds_distill_80/holdem_policy.pt",
  "equity_sims": 8,
  "folds": 270,
  "hands": 600,
  "hands_per_model_player": 300,
  "model_player": "both",
  "opponent_policy": "pot-odds",
  "rollout_sims": null,
  "seat_metrics": [
    {
      "avg_actions": 6.863333333333333,
      "avg_utility_model": -2.263333333333333,
      "avg_utility_p0": -2.263333333333333,
      "checkpoint": "experiments/holdem_rollout_pot_odds_distill_80/holdem_policy.pt",
      "equity_sims": 8,
      "folds": 146,
      "hands": 300,
      "model_player": 0,
      "opponent_policy": "pot-odds",
      "rollout_sims": null,
      "seed": 137,
      "showdowns": 154,
      "utility_stderr_model": 0.7388728396733677,
      "utility_stderr_p0": 0.7388728396733677,
      "utility_stdev_model": 12.797652986469663,
      "utility_stdev_p0": 12.797652986469663
    },
    {
      "avg_actions": 7.65,
      "avg_utility_model": -3.033333333333333,
      "avg_utility_p0": 3.033333333333333,
      "checkpoint": "experiments/holdem_rollout_pot_odds_distill_80/holdem_policy.pt",
      "equity_sims": 8,
      "folds": 124,
      "hands": 300,
      "model_player": 1,
      "opponent_policy": "pot-odds",
      "rollout_sims": null,
      "seed": 137,
      "showdowns": 176,
      "utility_stderr_model": 0.772244745680741,
      "utility_stderr_p0": 0.772244745680741,
      "utility_stdev_model": 13.375671353971498,
      "utility_stdev_p0": 13.375671353971498
    }
  ],
  "seed": 137,
  "showdowns": 330,
  "utility_stderr_model": 0.5341764299896806,
  "utility_stderr_p0": 0.5447990164092328,
  "utility_stdev_model": 13.084596860962591,
  "utility_stdev_p0": 13.344796025727799
}
